Workbook

Sheet pav
A1: pav | B1: MAX | C1: 10ASZ1 | T1: 10ASZ2 | AK1: 10BSZ1 | AZ1: 10BSZ2
B2: John Doe
A3: input | B3: 2 | C3: 2 | D3: 2 | E3: 2 | F3: 2 | G3: 2 | H3: 2 | I3: 2 | J3: 2 | K3: 2 | L3: 2 | M3: 0 | N3: 2 | O3: 2 | P3: 2 | Q3: 2 | R3: 2 | S3: 2 | T3: 2 | U3: 2 | V3: 2 | W3: 2 | X3: 0 | Y3: 2 | Z3: 2 | AA3: 2 | AB3: 1 | AC3: 2 | AD3: 2 | AE3: 0 | AF3: 2 | AG3: 2 | AH3: 2 | AI3: 0 | AJ3: 2 | AK3: 2 | AL3: 2 | AM3: 2 | AN3: 2 | AO3: 2 | AP3: 2 | AQ3: 2 | AR3: 2 | AS3: 2 | AT3: 2 | AU3: 2 | AV3: 2 | AW3: 2 | AX3: 2 | AY3: 2 | AZ3: 2 | BA3: 2 | BB3: 2 | BC3: 2 | BD3: 2 | BE3: 0 | BF3: 2 | BG3: 2 | BH3: 2 | BI3: 2 | BJ3: 0 | BK3: 2 | BL3: 2 | BM3: 2 | BN3: 2
A4: loop | B4: 2 | C4: 2 | D4: 2 | E4: 2 | F4: 2 | G4: 2 | H4: 2 | I4: 1 | J4: 0 | K4: 1 | L4: 1 | M4: 0 | N4: 2 | O4: 2 | P4: 2 | Q4: 2 | R4: 1 | S4: 0 | T4: 0 | U4: 0 | V4: 0 | W4: 0 | X4: 0 | Y4: 0 | Z4: 0 | AA4: 1 | AB4: 0 | AC4: 1 | AD4: 0 | AE4: 0 | AF4: 0 | AG4: 0 | AH4: 0 | AI4: 0 | AJ4: 1 | AK4: 2 | AL4: 2 | AM4: 1 | AN4: 2 | AO4: 2 | AP4: 2 | AQ4: 2 | AR4: 2 | AS4: 2 | AT4: 2 | AU4: 2 | AV4: 2 | AW4: 1 | AX4: 2 | AY4: 2 | AZ4: 2 | BA4: 2 | BB4: 2 | BC4: 2 | BD4: 2 | BE4: 0 | BF4: 2 | BG4: 2 | BH4: 2 | BI4: 0 | BJ4: 0 | BK4: 1 | BL4: 0 | BM4: 0 | BN4: 1
A5: check | B5: 2 | C5: 2 | D5: 2 | E5: 2 | F5: 2 | G5: 2 | H5: 2 | I5: 2 | J5: 0 | K5: 0 | L5: 1 | M5: 0 | N5: 2 | O5: 2 | P5: 2 | Q5: 2 | R5: 2 | S5: 0 | T5: 0 | U5: 0 | V5: 0 | W5: 0 | X5: 0 | Y5: 0 | Z5: 0 | AA5: 0 | AB5: 0 | AC5: 0 | AD5: 0 | AE5: 0 | AF5: 1 | AG5: 0 | AH5: 0 | AI5: 0 | AJ5: 0 | AK5: 2 | AL5: 2 | AM5: 2 | AN5: 2 | AO5: 2 | AP5: 2 | AQ5: 2 | AR5: 2 | AS5: 2 | AT5: 2 | AU5: 2 | AV5: 2 | AW5: 2 | AX5: 2 | AY5: 2 | AZ5: 2 | BA5: 2 | BB5: 2 | BC5: 2 | BD5: 2 | BE5: 0 | BF5: 1 | BG5: 2 | BH5: 2 | BI5: 0 | BJ5: 0 | BK5: 2 | BL5: 0 | BM5: 0 | BN5: 0
A6: output | B6: 2 | C6: 2 | D6: 2 | E6: 2 | F6: 1 | G6: 2 | H6: 2 | I6: 2 | J6: 0 | K6: 0 | L6: 1 | M6: 0 | N6: 2 | O6: 2 | P6: 2 | Q6: 2 | R6: 2 | S6: 0 | T6: 0 | U6: 2 | V6: 0 | W6: 0 | X6: 0 | Y6: 0 | Z6: 0 | AA6: 0 | AB6: 0 | AC6: 0 | AD6: 0 | AE6: 0 | AF6: 0 | AG6: 0 | AH6: 0 | AI6: 0 | AJ6: 0 | AK6: 2 | AL6: 1 | AM6: 2 | AN6: 1 | AO6: 1 | AP6: 1 | AQ6: 1 | AR6: 1 | AS6: 1 | AT6: 1 | AU6: 1 | AV6: 1 | AW6: 2 | AX6: 1 | AY6: 2 | AZ6: 2 | BA6: 1 | BB6: 1 | BC6: 2 | BD6: 1 | BE6: 0 | BF6: 2 | BG6: 1 | BH6: 1 | BI6: 0 | BJ6: 0 | BK6: 2 | BL6: 0 | BM6: 0 | BN6: 1
A7: input | B7: 2 | C7: 2 | D7: 2 | E7: 2 | F7: 2 | G7: 2 | H7: 2 | I7: 2 | J7: 0 | K7: 1 | L7: 2 | M7: 0 | N7: 0 | O7: 2 | P7: 1 | Q7: 2 | R7: 2 | S7: 0 | T7: 2 | U7: 2 | V7: 2 | W7: 0 | X7: 0 | Y7: 0 | Z7: 0 | AA7: 1 | AB7: 1 | AC7: 2 | AD7: 0 | AE7: 0 | AF7: 2 | AG7: 2 | AH7: 2 | AI7: 0 | AJ7: 2 | AK7: 2 | AL7: 2 | AM7: 2 | AN7: 2 | AO7: 2 | AP7: 2 | AQ7: 2 | AR7: 2 | AS7: 0 | AT7: 2 | AU7: 2 | AV7: 2 | AW7: 0 | AX7: 2 | AY7: 2 | AZ7: 2 | BA7: 2 | BB7: 0 | BC7: 2 | BD7: 2 | BE7: 0 | BF7: 2 | BG7: 2 | BH7: 2 | BI7: 2 | BJ7: 0 | BK7: 0 | BL7: 2 | BM7: 0 | BN7: 2
A8: check | B8: 2 | C8: 2 | D8: 1 | E8: 0 | F8: 0 | G8: 2 | H8: 2 | I8: 0 | J8: 0 | K8: 0 | L8: 0 | M8: 0 | N8: 0 | O8: 2 | P8: 0 | Q8: 0 | R8: 0 | S8: 0 | T8: 0 | U8: 0 | V8: 0 | W8: 0 | X8: 0 | Y8: 0 | Z8: 0 | AA8: 0 | AB8: 0 | AC8: 0 | AD8: 0 | AE8: 0 | AF8: 2 | AG8: 0 | AH8: 0 | AI8: 0 | AJ8: 0 | AK8: 0 | AL8: 2 | AM8: 2 | AN8: 2 | AO8: 2 | AP8: 2 | AQ8: 0 | AR8: 2 | AS8: 0 | AT8: 2 | AU8: 2 | AV8: 2 | AW8: 0 | AX8: 2 | AY8: 2 | AZ8: 0 | BA8: 0 | BB8: 0 | BC8: 0 | BD8: 0 | BE8: 0 | BF8: 0 | BG8: 1 | BH8: 0 | BI8: 2 | BJ8: 0 | BK8: 0 | BL8: 0 | BM8: 0 | BN8: 0
A9: felszin | B9: 2 | C9: 2 | D9: 2 | E9: 2 | F9: 2 | G9: 2 | H9: 2 | I9: 2 | J9: 0 | K9: 2 | L9: 2 | M9: 0 | N9: 0 | O9: 2 | P9: 0 | Q9: 2 | R9: 2 | S9: 0 | T9: 2 | U9: 2 | V9: 2 | W9: 0 | X9: 0 | Y9: 0 | Z9: 0 | AA9: 0 | AB9: 1 | AC9: 2 | AD9: 0 | AE9: 0 | AF9: 2 | AG9: 0 | AH9: 2 | AI9: 0 | AJ9: 2 | AK9: 2 | AL9: 2 | AM9: 2 | AN9: 2 | AO9: 2 | AP9: 2 | AQ9: 2 | AR9: 2 | AS9: 0 | AT9: 2 | AU9: 2 | AV9: 2 | AW9: 0 | AX9: 2 | AY9: 2 | AZ9: 2 | BA9: 2 | BB9: 0 | BC9: 2 | BD9: 2 | BE9: 0 | BF9: 2 | BG9: 2 | BH9: 2 | BI9: 2 | BJ9: 0 | BK9: 0 | BL9: 0 | BM9: 0 | BN9: 2
A10: terfogat | B10: 2 | C10: 2 | D10: 2 | E10: 2 | F10: 2 | G10: 2 | H10: 2 | I10: 2 | J10: 0 | K10: 2 | L10: 2 | M10: 0 | N10: 0 | O10: 2 | P10: 1 | Q10: 2 | R10: 2 | S10: 0 | T10: 2 | U10: 2 | V10: 2 | W10: 0 | X10: 0 | Y10: 0 | Z10: 0 | AA10: 0 | AB10: 2 | AC10: 2 | AD10: 0 | AE10: 0 | AF10: 2 | AG10: 0 | AH10: 2 | AI10: 0 | AJ10: 2 | AK10: 2 | AL10: 2 | AM10: 2 | AN10: 2 | AO10: 2 | AP10: 2 | AQ10: 0 | AR10: 2 | AS10: 0 | AT10: 2 | AU10: 2 | AV10: 2 | AW10: 0 | AX10: 2 | AY10: 2 | AZ10: 2 | BA10: 2 | BB10: 0 | BC10: 2 | BD10: 2 | BE10: 0 | BF10: 2 | BG10: 2 | BH10: 2 | BI10: 2 | BJ10: 0 | BK10: 0 | BL10: 0 | BM10: 0 | BN10: 2
A11: kerulet | B11: 3 | C11: 0 | D11: 0 | E11: 0 | F11: 0 | G11: 1 | H11: 1 | I11: 0 | J11: 0 | K11: 0 | L11: 3 | M11: 0 | N11: 0 | O11: 0 | P11: 0 | Q11: 0 | R11: 0 | S11: 0 | T11: 0 | U11: 1 | V11: 0 | W11: 0 | X11: 0 | Y11: 0 | Z11: 0 | AA11: 0 | AB11: 0 | AC11: 0 | AD11: 0 | AE11: 0 | AF11: 3 | AG11: 0 | AH11: 1 | AI11: 0 | AJ11: 0 | AK11: 3 | AL11: 1 | AM11: 0 | AN11: 0 | AO11: 3 | AP11: 3 | AQ11: 0 | AR11: 1 | AS11: 0 | AT11: 3 | AU11: 0 | AV11: 0 | AW11: 0 | AX11: 0 | AY11: 3 | AZ11: 3 | BA11: 0 | BB11: 0 | BC11: 1 | BD11: 0 | BE11: 0 | BF11: 2 | BG11: 3 | BH11: 0 | BI11: 3 | BJ11: 0 | BK11: 0 | BL11: 0 | BM11: 0 | BN11: 0
A12: terulet | B12: 3 | C12: 0 | D12: 0 | E12: 0 | F12: 0 | G12: 1 | H12: 1 | I12: 0 | J12: 0 | K12: 0 | L12: 2 | M12: 0 | N12: 0 | O12: 0 | P12: 0 | Q12: 0 | R12: 0 | S12: 0 | T12: 0 | U12: 1 | V12: 0 | W12: 0 | X12: 0 | Y12: 0 | Z12: 0 | AA12: 0 | AB12: 0 | AC12: 0 | AD12: 0 | AE12: 0 | AF12: 3 | AG12: 0 | AH12: 1 | AI12: 0 | AJ12: 0 | AK12: 0 | AL12: 1 | AM12: 0 | AN12: 0 | AO12: 3 | AP12: 3 | AQ12: 0 | AR12: 1 | AS12: 0 | AT12: 3 | AU12: 0 | AV12: 0 | AW12: 0 | AX12: 0 | AY12: 2 | AZ12: 3 | BA12: 0 | BB12: 0 | BC12: 0 | BD12: 0 | BE12: 0 | BF12: 0 | BG12: 3 | BH12: 0 | BI12: 0 | BJ12: 0 | BK12: 0 | BL12: 0 | BM12: 0 | BN12: 0
A13: class | B13: 3 | C13: 0 | D13: 3 | E13: 0 | F13: 3 | G13: 0 | H13: 3 | I13: 3 | J13: 3 | K13: 3 | L13: 3 | M13: 0 | N13: 0 | O13: 2 | P13: 0 | Q13: 0 | R13: 3 | S13: 0 | T13: 1 | U13: 0 | V13: 2 | W13: 3 | X13: 2 | Y13: 3 | Z13: 0 | AA13: 1 | AB13: 3 | AC13: 0 | AD13: 3 | AE13: 0 | AF13: 3 | AG13: 1 | AH13: 3 | AI13: 0 | AJ13: 2 | AK13: 1 | AL13: 2 | AM13: 0 | AN13: 3 | AO13: 2 | AP13: 3 | AQ13: 3 | AR13: 3 | AS13: 3 | AT13: 2 | AU13: 2 | AV13: 3 | AW13: 2 | AX13: 2 | AY13: 0 | AZ13: 1 | BA13: 3 | BB13: 0 | BC13: 2 | BD13: 0 | BE13: 0 | BF13: 3 | BG13: 3 | BH13: 0 | BI13: 2 | BJ13: 3 | BK13: 0 | BL13: 0 | BM13: 1 | BN13: 3
A14: read + len | B14: 3 | C14: 1 | D14: 3 | E14: 1 | F14: 0 | G14: 0 | H14: 3 | I14: 3 | J14: 3 | K14: 2 | L14: 3 | M14: 0 | N14: 0 | O14: 1 | P14: 0 | Q14: 0 | R14: 3 | S14: 0 | T14: 2 | U14: 0 | V14: 1 | W14: 3 | X14: 3 | Y14: 2 | Z14: 0 | AA14: 3 | AB14: 3 | AC14: 0 | AD14: 3 | AE14: 0 | AF14: 3 | AG14: 0 | AH14: 3 | AI14: 0 | AJ14: 3 | AK14: 2 | AL14: 1 | AM14: 1 | AN14: 3 | AO14: 0 | AP14: 2 | AQ14: 3 | AR14: 2 | AS14: 3 | AT14: 3 | AU14: 3 | AV14: 3 | AW14: 1 | AX14: 3 | AY14: 0 | AZ14: 2 | BA14: 3 | BB14: 0 | BC14: 2 | BD14: 0 | BE14: 0 | BF14: 3 | BG14: 3 | BH14: 0 | BI14: 1 | BJ14: 3 | BK14: 0 | BL14: 1 | BM14: 0 | BN14: 3
... A18: vaneinput | B18: 3 | C18: 0 | D18: 1 | E18: 0 | F18: 2 | G18: 0 | H18: 3 | I18: 3 | J18: 0 | K18: 1 | L18: 1 | M18: 0 | N18: 0 | O18: 0 | P18: 0 | Q18: 0 | R18: 0 | S18: 0 | T18: 0 | U18: 0 | V18: 0 | W18: 0 | X18: 0 | Y18: 0 | Z18: 0 | AA18: 0 | AB18: 0 | AC18: 0 | AD18: 2 | AE18: 0 | AF18: 3 | AG18: 0 | AH18: 0 | AI18: 0 | AJ18: 2 | AK18: 0 | AL18: 0 | AM18: 0 | AN18: 3 | AO18: 0 | AP18: 0 | AQ18: 1 | AR18: 0 | AS18: 0 | AT18: 0 | AU18: 0 | AV18: 0 | AW18: 0 | AX18: 0 | AY18: 0 | AZ18: 0 | BA18: 3 | BB18: 0 | BC18: 0 | BD18: 0 | BE18: 0 | BF18: 0 | BG18: 2 | BH18: 0 | BI18: 0 | BJ18: 0 | BK18: 0 | BL18: 0 | BM18: 0 | BN18: 3
A19: score | B19: =SUM(B3:B18) -> 40 | C19: =SUM(C3:C18) -> 17 | D19: =SUM(D3:D18) -> 22 | E19: =SUM(E3:E18) -> 15 | F19: =SUM(F3:F18) -> 18 | G19: =SUM(G3:G18) -> 18 | H19: =SUM(H3:H18) -> 34 | I19: =SUM(I3:I18) -> 25 | ... BN19: =SUM(BN3:BN18) -> 22
A20: percent | B20: =B19/$B$19 * 100 -> 100 | C20: =C19/$B$19 * 100 -> 42.5 | D20: =D19/$B$19 * 100 -> 55 | E20: =E19/$B$19 * 100 -> 37.5 | F20: =F19/$B$19 * 100 -> 45 | G20: =G19/$B$19 * 100 -> 45 | H20: =H19/$B$19 * 100 -> 85 | I20: =I19/$B$19 * 100 -> 62.5 | ... BN20: =BN19/$B$19 * 100 -> 55
A21: grade | B21: =VLOOKUP(B20,grading!$B10:$C14,2) -> 5 | C21: =VLOOKUP(C20,grading!$B10:$C14,2) -> 2 | D21: =VLOOKUP(D20,grading!$B10:$C14,2) -> 3 | E21: =VLOOKUP(E20,grading!$B10:$C14,2) -> 1 | F21: =VLOOKUP(F20,grading!$B10:$C14,2) -> 2 | G21: =VLOOKUP(G20,grading!$B10:$C14,2) -> 2 | H21: =VLOOKUP(H20,grading!$B10:$C14,2) -> 5 | I21: =VLOOKUP(I20,grading!$B10:$C14,2) -> 3 | ... BN21: =VLOOKUP(BN20,grading!$B10:$C14,2) -> 3

Sheet stat
C1: 10A1 | D1: 10A2 | E1: 10B1 | F1: 10B2
A2: TZ1 | B2: % | C2: =AVERAGE(pav!C20:S20) -> 41.176471 | D2: =AVERAGE(pav!T20:AJ20) -> 26.764706 | E2: =AVERAGE(pav!AK20:AY20) -> 52.5 | F2: =AVERAGE(pav!AZ20:BN20) -> 36
B3: grd | C3: =AVERAGE(pav!C21:S21) -> 2.0588235 | D3: =AVERAGE(pav!T21:AJ21) -> 1.4705882 | E3: =AVERAGE(pav!AK21:AY21) -> 2.4666667 | F3: =AVERAGE(pav!AZ21:BN21) -> 1.9333333
C4: =AVERAGE(pav!J21:AJ21) -> 1.5555556 | E4: =AVERAGE(pav!AK21:BN21) -> 2.2
B5: % | C5: =AVERAGE(pav!C20:BN20) -> 38.789062

Sheet grading
B2: tz
B3: 0 | C3: 1
B4: 33 | C4: 2
B5: 50 | C5: 3
B6: 70 | C6: 4
B7: 85 | C7: 5
B9: zh
B10: 0 | C10: 1
B11: 40 | C11: 2
B12: 55 | C12: 3
B13: 70 | C13: 4
B14: 85 | C14: 5
B16: db
B17: 0 | C17: 1_1
B18: 33 | C18: 1_2
B19: 40 | C19: 2_2
B20: 49 | C20: 2_3
B21: 58 | C21: 3_3
B22: 67 | C22: 3_4
B23: 76 | C23: 4_4
B24: 85 | C24: 4_5
B25: 90 | C25: 5_5
